{"cameraMode":{"drawMode":0,"name":"Shaded","section":"Shading Mode"},"sceneLighting":true,"audioPlay":false,"sceneViewState":{"showFog":true,"showMaterialUpdate":false,"showSkybox":true,"showFlares":true,"showImageEffects":true,"showParticleSystems":true},"in2DMode":false,"pivot":{"x":-55.07768630981445,"y":14.708480834960938,"z":-10.987845420837403},"rotation":{"x":0.27906841039657595,"y":0.5411571264266968,"z":-0.19650186598300935,"w":0.7685422301292419},"size":17.402990341186525,"orthographic":false}